{ "_id" : "8tjcyRjccRxbfCwQY", "numero" : 1, "floorId" : "floor1", "locationId" : "local1", "nombre" : "Sector 1 Piso 1", "active" : true, "createdAt" : { "$date" : 1460500304761 }, "updatedAt" : { "$date" : 1460500304761 }, "createdUserId" : null, "updatedUserId" : null }
{ "_id" : "gQuBXHdfRJcLLvSAK", "numero" : 2, "floorId" : "floor2", "locationId" : "local1", "nombre" : "Sector 1 Piso 2", "active" : true, "createdAt" : { "$date" : 1460500304816 }, "updatedAt" : { "$date" : 1460500304817 }, "createdUserId" : null, "updatedUserId" : null }
{ "_id" : "4jesZnLdNuKZWnXAt", "nombre" : "Secythj", "locationId" : "local1", "floorId" : "floor1", "active" : true, "numero" : 1, "createdAt" : { "$date" : 1463685215975 }, "updatedAt" : { "$date" : 1463685215976 }, "createdUserId" : "QGAcWvravnmaZz2fG", "updatedUserId" : "QGAcWvravnmaZz2fG" }
