{ "_id" : "JACCFsbdkt762Bd7C", "name" : "Cumpleaños", "createdAt" : { "$date" : 1460500304138 }, "updatedAt" : { "$date" : 1460500304139 }, "createdUserId" : null, "updatedUserId" : null }
{ "_id" : "LSWEMQpCsHsL4jTPz", "name" : "Vip o Reserva", "createdAt" : { "$date" : 1460500304154 }, "updatedAt" : { "$date" : 1460500304155 }, "createdUserId" : null, "updatedUserId" : null }
{ "_id" : "Pg6Wy7sST2St39AeG", "name" : "Otro", "createdAt" : { "$date" : 1460500304159 }, "updatedAt" : { "$date" : 1460500304159 }, "createdUserId" : null, "updatedUserId" : null }
